id;tracking_code;date;details;invoice_id
1;Pakistan Rupee;2019-11-28T01:04:04;Rupiah;1
2;Human Mission;2019-11-27T13:22:05;Soap teal Licensed Wooden Pants;2
3;e-business;2019-11-28T04:37:33;Brazil;3
4;Island cyan;2019-11-27T20:38:49;Bedfordshire;4
5;alliance Licensed Plaza;2019-11-27T12:52:57;Cambridgeshire;5
6;Regional;2019-11-28T03:55:24;systemic;6
7;Handmade Savings Account Manager;2019-11-27T16:30:40;Central Polarised;7
8;back-end Roads bypass;2019-11-28T04:30:32;Customer-focused;8
9;Bond Markets Units European Composite Unit (EURCO) connecting generate;2019-11-28T04:39:29;ADP;9
10;Hungary Configurable;2019-11-27T22:55:39;leverage Toys software;10
